{
  "timestamp": "2026-04-01T22:07:34.389Z",
  "totalTimeMinutes": "199.0",
  "generations": 20,
  "bestFitness": 12.449260419790104,
  "bestParams": {
    "sameFour": 110,
    "sameThree": 60,
    "sameTwo": 63,
    "single": -72,
    "tingImprovement": 803,
    "makesTing": 1195,
    "tingWidth": 121,
    "nearTing": 151,
    "specialCard": 29,
    "specialSentence": 10
  },
  "fitnessHistory": [
    11.332722877535689,
    11.219744382022471,
    11.703633532934129,
    11.51490357142857,
    11.404125391498882,
    11.82313050266565,
    11.930142690278823,
    11.481105288822205,
    11.580563983976694,
    11.3231293837124,
    11.401690252038547,
    12.449260419790104,
    11.362678044280443,
    11.888867176997758,
    12.036153571428569,
    11.443854726181545,
    11.14525,
    11.441362527964205,
    11.465865895953756,
    11.406291904047977
  ],
  "baselineParams": {
    "sameFour": 200,
    "sameThree": 120,
    "sameTwo": 50,
    "single": -40,
    "tingImprovement": 1000,
    "makesTing": 2000,
    "tingWidth": 150,
    "nearTing": 300,
    "specialCard": 50,
    "specialSentence": 30
  },
  "validation": {
    "baselineResult": {
      "hu": 3102,
      "ting": 18972
    },
    "bestResult": {
      "hu": 3794,
      "ting": 19447
    },
    "huImprovement": 2.3066666666666666,
    "tingImprovement": 1.5833333333333335
  },
  "config": {
    "populationSize": 20,
    "eliteCount": 2,
    "tournamentSize": 3,
    "crossoverRate": 0.85,
    "mutationRate": 0.2,
    "mutationScale": 0.25,
    "maxGenerations": 30,
    "earlyStoppingPatience": 8,
    "earlyStoppingMinDelta": 0.001,
    "sampleSize": 2000,
    "timeBudgetMinutes": 120,
    "numWorkers": 11
  }
}